variables,score
ROIC,0.03293236300226665
NKM,0.003924531286453314
FBO,0.0025836663470559795
AK,0.0
