variables,score
FM,0.038705662604680224
AK,0.035677573719875344
NKM,0.023002304070561808
NO,0.005393540238201933
FBO,0.0
