variables,score
FM,0.034011470252260034
AK,0.02973196283755586
NKM,0.020474007238467262
NO,0.006377252624819363
FBO,0.0
ROIC,0.0
