variables,score
AK,0.03375919273482597
FM,0.01885502144226625
KO,0.014785896555860267
ROIC,0.011705606343004105
NKM,0.0035829385568937333
NO,0.0006341422534541508
FBO,0.0
