variables,score
ROIC,0.05663618487495636
SDH,0.03492478572253743
AK,0.020887629012848574
KO,0.010597651883624604
NKM,0.010241242062184241
NO,0.0041665458956055
FBO,0.0
FM,0.0
