variables,score
AK,0.05431779971498529
NKM,0.03693808992090464
FM,0.029068549457652137
FBO,0.025796000277962694
ROIC,0.025144079415102105
KO,0.021659589120251788
NO,0.013080115815269355
SDH,0.007274260614190231
BKM,0.005701312808583436
CO,0.003903335309130007
OK,0.0013734640872913317
LO,0.0
ADH,0.0
