,model,variable_count,best_score,best_params,best_mean_precision,best_mean_recall,best_mean_f1
0,svm,13,0.6808421052631578,"{'C': 100, 'degree': 3, 'kernel': 'linear'}",0.6799526152724622,0.8711111111111111,0.7631952159989543
1,random_forest,13,0.7043157894736842,{'n_estimators': 5},0.7350647263886331,0.7866666666666667,0.7591325111834218
