degisken,test,train
3,0.631578947368421,0.5936675461741425
4,0.7052631578947368,0.6596306068601583
5,0.7578947368421053,0.6675461741424802
6,0.7578947368421053,0.6649076517150396
7,0.6947368421052632,0.662269129287599
8,0.6842105263157895,0.6860158311345647
9,0.6842105263157895,0.6807387862796834
10,0.7052631578947368,0.6860158311345647
11,0.6842105263157895,0.6807387862796834
12,0.7052631578947368,0.6781002638522428
