variables,score
NKM,0.017186069911915958
FBO,0.00489827865866288
AK,0.0
