variables,score
NKM,0.046277214936605526
ROIC,0.02646227024802994
NO,0.00801836230520947
AK,0.0
