variables,score
AK,0.030578562357833627
NKM,0.028471083540987152
ROIC,0.02246990749386124
NO,0.0013152299588465866
FBO,0.0
