variables,score
FM,0.030421291770342584
AK,0.02813763857848839
NKM,0.01970204713106405
ROIC,0.003269163331540037
NO,0.0
FBO,0.0
