variables,score
KO,0.03696631810337059
AK,0.02630675885834144
FM,0.01959656189899661
NKM,0.011511964523894358
ROIC,0.00959493571967518
NO,0.0
FBO,0.0
