variables,score
ROIC,0.05330020209928632
SDH,0.030935445923737204
KO,0.022888063066440756
AK,0.021175491642483557
NKM,0.013648711292438165
NO,0.0
FBO,0.0
FM,0.0
