variables,score
AK,0.05455361933371616
NO,0.04806042059639326
FBO,0.03576623213360408
NKM,0.031852142113437676
ROIC,0.031153388905424295
FM,0.024142404341633394
KO,0.020485780509734264
SDH,0.01390237816002915
BKM,0.005924003854059556
CO,0.004305073841281537
OK,3.6702237685481975e-05
LO,0.0
ADH,0.0
