variables,score
FM,28.130780207522733
KO,20.357594714842396
FBO,20.28887278015982
SDH,8.48917904417668
BKM,4.382372022573842
NO,3.476384497784065
NKM,2.7733906885047253
OK,1.7789518209166066
CO,1.0306043918740426
ROIC,0.7547498821533397
ADH,0.2947731634930612
AK,0.12985697795763923
LO,0.0010888046435806897
