variables,score
AK,0.05412022420095397
NKM,0.03491113773572452
FBO,0.02973149867548619
ROIC,0.028182221535522745
FM,0.02733215294277458
NO,0.024163128559674618
KO,0.02236939267815674
SDH,0.010373517194459447
BKM,0.006785466582610811
OK,0.002430212384359809
CO,0.0
LO,0.0
ADH,0.0
