variables,score
FM,0.05583606492926707
FBO,0.03490015961967652
KO,0.03056023510548833
ROIC,0.028169832024124597
SDH,0.01970204713106405
BKM,0.013551597904185586
CO,0.007343301899136456
NKM,0.007144618682269233
NO,0.0
AK,0.0
