variables,score
BKM,0.056749135374169146
ROIC,0.03754756015062788
KO,0.03327956219190398
NKM,0.02732754842867635
FBO,0.02401451955030609
ADH,0.020964726083616547
AK,0.013737163042282452
CO,0.008268456918588907
FM,0.007022389762572079
SDH,0.002259739955214002
NO,0.0
