variables,score
BKM,0.05745488180776337
FBO,0.039601020174967694
OK,0.03730723554321491
KO,0.036502041097261184
NKM,0.029052148254542276
ADH,0.020711820292735883
AK,0.014662412780823253
FM,0.006683330088069317
CO,0.006503980403260279
ROIC,0.0007809591528280535
NO,0.0
SDH,0.0
