variables,score
NKM,0.04654331018687796
NO,0.010561572265501695
AK,0.0
