variables,score
ROIC,0.018367916387880268
AK,0.00904826326649677
NKM,0.0
