variables,score
NKM,0.03463610932626593
AK,0.03265898982452331
NO,0.015270086142217032
FBO,0.0
