variables,score
ROIC,0.029127964844104293
NKM,0.01825284245020753
FBO,0.0
AK,0.0
