variables,score
NKM,0.029510790435124168
AK,0.028159016672279158
ROIC,0.02136636968146255
NO,0.0
FBO,0.0
