variables,score
NKM,0.029426687452953626
ROIC,0.020952800597007437
FM,0.016448499348396206
FBO,0.0
AK,0.0
