variables,score
AK,0.03126389570387689
FM,0.029906854755239465
NKM,0.018821405269409786
NO,0.010874201226678704
FBO,0.0
ROIC,0.0
