variables,score
FM,0.029362376470920992
ROIC,0.02236685303049546
AK,0.020429366114072867
NKM,0.020368522006399825
FBO,0.002446447606046176
ADH,0.0
