variables,score
AK,0.0323536362659782
KO,0.024765624675015196
FM,0.019194713395882523
NKM,0.01226048198778762
ROIC,0.008122328392637712
NO,0.0
FBO,0.0
