variables,score
KO,0.0558090473798305
AK,0.03062574039251298
FM,0.017465219261324938
ROIC,0.011976016898225028
NO,0.0
FBO,0.0
NKM,0.0
