variables,score
ROIC,0.05091794917254333
AK,0.03552755847720879
BKM,0.021317889095007647
KO,0.017009325067449677
NKM,0.006754369113285863
FM,0.0003770003732934679
NO,0.0
FBO,0.0
