variables,score
NKM,0.05483464019366502
SDH,0.034231597054665164
KO,0.0241546346336452
AK,0.021401531425485176
FM,0.013521040674261409
ROIC,0.007283591289596103
NO,0.0039549639183869
FBO,0.0
BKM,0.0
