variables,score
NKM,0.02622786000731736
FBO,0.0053624183030231976
AK,0.0
