variables,score
ROIC,0.02405143682453814
NKM,0.009185777892636526
AK,0.0
FM,0.0
