variables,score
FM,0.033496681085396496
NKM,0.025758830462311755
ROIC,0.021132162959914158
NO,0.0
AK,0.0
