variables,score
FM,0.024093951740471242
NKM,0.020388614431555707
FBO,0.0034439994145769592
AK,0.0031009684561891238
KO,0.0
ROIC,0.0
