variables,score
KO,0.040745129230469024
AK,0.026243027465496116
FM,0.02018279587130678
ROIC,0.015909946306837952
NKM,0.003671322980721259
NO,0.0028702119134154103
FBO,0.0
