variables,score
ROIC,0.05401900099846513
SDH,0.02431826446478369
AK,0.020815707263711847
KO,0.019963994636043036
NKM,0.011585888976451297
FM,0.005363819615201049
NO,0.0
FBO,0.0
