variables,score
AK,0.05529235844270852
NKM,0.035334829140428736
FBO,0.028132710684293016
FM,0.026060545974964988
ROIC,0.024373032599751543
NO,0.0242881514918456
KO,0.021070006410415898
SDH,0.013818530924283312
BKM,0.005333788865110378
OK,0.0005289666540002624
CO,0.0
LO,0.0
ADH,0.0
