variables,score
FM,0.05673265806338801
ADH,0.03344796505018022
ROIC,0.024818849321875947
SDH,0.02038364401519277
AK,0.016191394054403396
KO,0.010636949786846372
BKM,0.0076319959402797455
NKM,0.005814332700084579
NO,0.0
FBO,0.0
