variables,score
FM,0.05342117524241141
ROIC,0.0349857993610192
ADH,0.028118929341397925
OK,0.025442627793755834
KO,0.02492355687408665
SDH,0.018049445162006794
BKM,0.013681651277909879
NKM,0.005279371880313688
AK,0.0023327889588291573
NO,0.0
FBO,0.0
