variables,score
BKM,0.05701360953104806
KO,0.03376452427746579
OK,0.032401258960023105
NKM,0.02680396570572663
FBO,0.022085212646129282
ADH,0.019544732575015544
AK,0.018406558930032624
SDH,0.012540503690619209
FM,0.007081829853657684
CO,0.004350302348695045
NO,0.0
ROIC,0.0
