variables,score
NKM,0.011769623681992414
FBO,0.0036524904646810796
AK,0.0
