variables,score
NKM,0.02505749173903382
AK,0.007626733581488354
FM,0.0
