variables,score
NKM,0.03820464904106857
ROIC,0.026244173086228617
NO,0.003959475346949182
AK,0.0
