variables,score
FM,0.05822202703964541
NKM,0.026515112389479567
NO,0.0010725519283532048
AK,0.0
