variables,score
NKM,0.035950389279786776
FM,0.02310345139147163
ROIC,0.0198979482763324
FBO,0.0024247596295143836
AK,0.0
