variables,score
NKM,0.03476457506932196
FM,0.02261843969182853
ROIC,0.020494099663623144
FBO,0.012888845320622844
AK,0.0
