variables,score
FM,0.03120786855625335
NKM,0.01871592003734235
AK,0.017285546150632713
ROIC,0.012105221753413886
FBO,0.0
KO,0.0
