variables,score
FM,0.032682120979872664
AK,0.029268171196362935
NKM,0.021013206670071893
NO,0.0
FBO,0.0
ROIC,0.0
