variables,score
AK,0.027560226933928123
KO,0.02595853779179258
FM,0.022019373499023498
ROIC,0.009487904916442025
NKM,0.002154986527675984
NO,0.0
FBO,0.0
