variables,score
KO,0.04921578773277302
AK,0.03368902546778996
FM,0.020507623411324172
ROIC,0.00998561103123663
NO,0.0
FBO,0.0
NKM,0.0
