variables,score
ROIC,0.056577093983773086
FBO,0.03938770559456417
KO,0.03655866119885154
AK,0.021555702149276046
CO,0.014870309121706837
NKM,0.011219073419762138
FM,0.010771908166749666
NO,0.0
