variables,score
NKM,0.05396354984472618
KO,0.031064372318486466
FBO,0.023693338463115943
SDH,0.018997266679448455
FM,0.010467410642783337
CO,0.006035907623574088
ROIC,0.005906422982048243
AK,0.0050256331126437015
NO,0.0
