variables,score
ROIC,0.03395129250220896
FBO,0.010802259908247347
NKM,0.008829500045666627
AK,0.0
