variables,score
NKM,0.025597866743719555
ROIC,0.019362355177448443
FM,0.016679357332418654
FBO,0.0037593663428563406
AK,0.0
