variables,score
FM,0.038149772175372076
AK,0.02822294064163855
NKM,0.021083477468190726
NO,0.004002348707103698
FBO,0.0
ROIC,0.0
