variables,score
AK,0.0399596887004785
FM,0.021309569941118767
ROIC,0.013995176828777378
SDH,0.009261373885954383
NKM,0.004421628389440491
FBO,0.0
KO,0.0
