variables,score
ROIC,0.04942034719095045
SDH,0.03236101871006958
AK,0.018963650506591767
KO,0.013058795404894852
NKM,0.010320484783831851
NO,0.0059827873361171235
FBO,0.0
FM,0.0
