variables,score
FM,0.054832052532849396
ROIC,0.027582128588319987
FBO,0.02753575597362734
KO,0.02620117225208829
SDH,0.01972213955621993
BKM,0.012457945307368323
CO,0.007419453478452631
NKM,0.005879633081840696
AK,0.004790506383659965
NO,0.0
