variables,score
FM,0.055868981496993486
ROIC,0.03501599068867889
KO,0.03001066561854393
OK,0.0250713365205657
SDH,0.021433549337249724
BKM,0.013410950928095522
NKM,0.0076703704738438905
FBO,0.0014149165802637143
CO,0.0009494818186073228
NO,0.0
AK,0.0
