variables,score
BKM,0.054789508344735616
OK,0.036290870286343146
FBO,0.027547201981908742
KO,0.02474675065276366
NKM,0.02360417089200806
ADH,0.021351300362596026
AK,0.011242224787850308
FM,0.007692974452143897
ROIC,0.0037033482209729573
SDH,0.0035240926910857784
LO,0.0
NO,0.0
