variables,score
ROIC,0.040177733172353625
NKM,0.020704808557236998
FBO,0.0034824172433085554
AK,0.0
