variables,score
NKM,0.029972012286466176
ROIC,0.025234528722153815
NO,0.01953229270774104
AK,0.0
