variables,score
NKM,0.028984049243826027
AK,0.02407201362678757
ROIC,0.019524640149859884
NO,0.0019484418668949122
FBO,0.0
