variables,score
AK,0.03254333016772426
FM,0.025949484183944715
NKM,0.02017764396742061
NO,0.0
FBO,0.0
