variables,score
AK,0.036930920701070624
FM,0.029921924074105988
NKM,0.019536413421126664
NO,0.009355989287766597
FBO,0.0
ROIC,0.0
