variables,score
AK,0.03240332745512298
FM,0.02488623660170952
NKM,0.021702917802820965
NO,0.0
FBO,0.0
ROIC,0.0
