variables,score
KO,0.029037520459382904
AK,0.028248921243541947
FM,0.021001433398804892
ROIC,0.010787923463295934
NO,0.0
FBO,0.0
NKM,0.0
