variables,score
AK,0.04482418259728416
KO,0.026092183447590234
FM,0.01971397261767316
ROIC,0.01449845343964884
NO,0.007423576880670746
FBO,0.0
NKM,0.0
