variables,score
ROIC,0.054268558051819404
SDH,0.03054981236022236
KO,0.02673562724628331
NKM,0.01920845276990124
AK,0.018998812250614172
NO,0.0020581382873841036
FBO,0.0
FM,0.0
