variables,score
ROIC,0.056381611430695866
KO,0.029695448936265523
SDH,0.028583847686062924
AK,0.01939731201620254
NKM,0.01004463253013177
FM,0.0007929609949506311
NO,0.0
FBO,0.0
