variables,score
NKM,0.05867982805784
ADH,0.029720039695006584
KO,0.026304816571615763
AK,0.025312424219737784
SDH,0.01970204713106405
FM,0.013062263633205617
NO,0.008457717036555845
ROIC,0.005533875932286048
FBO,0.0
