variables,score
AK,0.05507141787366665
NKM,0.0325237688926594
ROIC,0.031179341621250467
FM,0.027980476138566246
FBO,0.02223314660684772
KO,0.021773241290865997
SDH,0.015339533948451
CO,0.01318011230492755
BKM,0.008368582248004852
NO,0.0056233438015353965
OK,0.0019335404385070198
LO,0.0
ADH,0.0
