variables,score
FM,0.053010536303291556
FBO,0.03741155589968792
ROIC,0.026633941168613395
KO,0.025807615479451096
SDH,0.02289681883849437
CO,0.016087824518935756
BKM,0.009786232350845303
NKM,0.0065795192247646295
NO,0.0
AK,0.0
