variables,score
BKM,0.05525441876869297
FBO,0.04666245674589775
ROIC,0.035334829140428736
KO,0.02957030663388127
NKM,0.023585410351095515
ADH,0.020353452687533302
AK,0.012616334152466324
FM,0.009590871444977722
SDH,0.002003628860495432
CO,0.0008381129084646943
NO,0.0
