variables,score
BKM,0.05391853887268638
KO,0.03745460070238571
OK,0.036018732672433273
NKM,0.02863991105433028
ADH,0.020052066310197292
AK,0.014598078381045765
FBO,0.014308309555562948
FM,0.006516730396153081
CO,0.005025631137602238
ROIC,0.0007600295432910187
NO,0.0
SDH,0.0
