variables,score
ROIC,0.03658233653898213
NKM,0.024642788960221207
FBO,0.0027923998311059073
AK,0.0
