variables,score
NKM,0.04031747437243438
ROIC,0.02365392460990412
NO,0.0023830059475085097
AK,0.0
