variables,score
NKM,0.0433307978760511
ROIC,0.02314454930774379
FM,0.018112452483868058
FBO,0.0007230288351862679
AK,0.0
