variables,score
NKM,0.03627447916083848
AK,0.027906238473670797
ROIC,0.01818854656693092
NO,0.005207216922952007
FBO,0.0
