variables,score
FM,0.029045844667047405
AK,0.02362510087626335
NKM,0.01972054129512779
ROIC,0.015953933712699042
NO,0.005283833127002868
FBO,0.0
