variables,score
FM,0.027131588530606265
NKM,0.020669908383735613
AK,0.017629617222552074
ROIC,0.0015781015045883695
FBO,0.0
KO,0.0
