variables,score
AK,0.03384078416385239
FM,0.02066313480101245
ROIC,0.011911553700850286
SDH,0.005464387076123289
FBO,0.0
KO,0.0
NKM,0.0
