variables,score
AK,0.02743182928720933
KO,0.023545064878505828
FM,0.01971397261767316
ROIC,0.009307201887637673
NO,0.001121696775818748
FBO,0.0
NKM,0.0
