variables,score
ROIC,0.05391472677375142
KO,0.03852730486074618
SDH,0.03288882941442939
AK,0.02068503039252856
NKM,0.01197936563575075
NO,0.01096928984094081
FM,0.003950247332616508
FBO,0.0
