variables,score
NKM,0.058677513489256095
SDH,0.03780726423792724
AK,0.019363953438540138
FM,0.009392047304761508
KO,0.006042170755172771
ROIC,0.005975072101330303
NO,0.0024040087977847957
FBO,0.0
BKM,0.0
