variables,test,train
1,0.6210526315789474,0.9762532981530343
2,0.6,0.9973614775725593
3,0.6421052631578947,1.0
4,0.6210526315789474,1.0
5,0.631578947368421,1.0
6,0.6210526315789474,1.0
7,0.631578947368421,1.0
8,0.7578947368421053,1.0
9,0.8526315789473684,1.0
10,0.7578947368421053,1.0
11,0.7789473684210526,1.0
12,0.8105263157894737,1.0
13,0.7263157894736842,1.0
