variables,test,train
3,0.631578947368421,1.0
4,0.6421052631578947,1.0
5,0.6842105263157895,1.0
6,0.6526315789473685,1.0
7,0.6421052631578947,1.0
8,0.7263157894736842,1.0
9,0.8210526315789474,1.0
10,0.8526315789473684,1.0
11,0.7789473684210526,1.0
12,0.7157894736842105,1.0
13,0.6736842105263158,1.0
