variables,test,train
3,0.6421052631578947,1.0
4,0.6105263157894737,1.0
5,0.6,1.0
6,0.6631578947368421,1.0
7,0.631578947368421,1.0
8,0.7263157894736842,1.0
9,0.8526315789473684,1.0
10,0.7684210526315789,1.0
11,0.8,1.0
12,0.6736842105263158,1.0
