variables,test,train
3,0.631578947368421,0.5936675461741425
4,0.6421052631578947,0.6543535620052771
5,0.6421052631578947,0.6517150395778364
6,0.7052631578947368,0.662269129287599
7,0.7263157894736842,0.662269129287599
8,0.7473684210526316,0.6649076517150396
9,0.6947368421052632,0.6781002638522428
10,0.7052631578947368,0.6754617414248021
11,0.6842105263157895,0.7018469656992085
12,0.6736842105263158,0.7044854881266491
