variables,test,train
1,0.6210526315789474,0.9762532981530343
2,0.6526315789473685,0.9973614775725593
3,0.6842105263157895,1.0
4,0.6842105263157895,1.0
5,0.8105263157894737,1.0
6,0.7684210526315789,1.0
7,0.7894736842105263,1.0
8,0.7894736842105263,1.0
9,0.8,1.0
10,0.8315789473684211,1.0
11,0.8315789473684211,1.0
12,0.8315789473684211,1.0
13,0.8210526315789474,1.0
