variables,test,train
3,0.6842105263157895,1.0
4,0.7578947368421053,1.0
5,0.8,1.0
6,0.8210526315789474,1.0
7,0.8105263157894737,1.0
8,0.8105263157894737,1.0
9,0.8210526315789474,1.0
10,0.8421052631578947,1.0
11,0.7894736842105263,1.0
12,0.8526315789473684,1.0
