variables,test,train
1,0.631578947368421,0.9762532981530343
2,0.6421052631578947,0.9973614775725593
3,0.6526315789473685,1.0
4,0.6421052631578947,1.0
5,0.7263157894736842,1.0
6,0.6947368421052632,1.0
7,0.7684210526315789,1.0
8,0.8210526315789474,1.0
9,0.8526315789473684,1.0
10,0.8736842105263158,1.0
11,0.8210526315789474,1.0
12,0.8,1.0
13,0.7894736842105263,1.0
