variables,test,train
3,0.6210526315789474,0.6068601583113457
4,0.6421052631578947,0.6701846965699209
5,0.631578947368421,0.6886543535620053
6,0.6631578947368421,0.7071240105540897
7,0.7052631578947368,0.7730870712401056
8,0.7052631578947368,0.783641160949868
9,0.6947368421052632,0.820580474934037
10,0.7263157894736842,0.8258575197889182
11,0.7473684210526316,0.820580474934037
12,0.7157894736842105,0.8232189973614775
13,0.7368421052631579,0.8654353562005277
