variables;score
AK;0.05157575448876295
NKM;0.03667704060922228
FBO;0.03039285091911692
ROIC;0.026632593245388136
FM;0.025871608681597547
NO;0.023872225996806273
KO;0.020790515624595995
SDH;0.006929598244211244
BKM;0.005477784578726164
OK;0.0033829282104933522
CO;0.0
LO;0.0
ADH;0.0
