variables,score
AK,0.05495938066650652
NKM,0.03610831140125281
FBO,0.03009156992163331
ROIC,0.029911007283295543
NO,0.02989458151283264
FM,0.023936114499267802
KO,0.02015760423219093
ADH,0.015499342869053745
SDH,0.014075546529400018
BKM,0.007429261371975082
CO,0.0010042705601052138
OK,5.679466284091994e-05
LO,0.0
