variables,score
AK,0.052734341565071396
FBO,0.03400205231312836
NKM,0.0324691996925206
ROIC,0.028682857795652827
FM,0.02497254876355015
NO,0.02050901337726474
KO,0.018821405269409786
SDH,0.010223918785367214
BKM,0.005944933463596591
CO,0.0019691977524003423
OK,0.0002359521204795545
LO,0.0
ADH,0.0
