variables,test,train
3,0.6421052631578947,0.741424802110818
4,0.6421052631578947,0.7308707124010554
5,0.6947368421052632,0.7862796833773087
6,0.6631578947368421,0.7994722955145118
7,0.7263157894736842,0.8390501319261213
8,0.8,0.8575197889182058
9,0.8,0.8759894459102903
10,0.7789473684210526,0.9023746701846965
11,0.7578947368421053,0.9076517150395779
12,0.7684210526315789,0.9050131926121372
13,0.7684210526315789,0.9182058047493403
