variables,score
AK,0.05326770412375037
NKM,0.035543340741345464
FBO,0.03176174690826605
ROIC,0.02882350477174267
FM,0.024515940791119517
KO,0.01861048749520089
ADH,0.01478298292801039
SDH,0.011580028685781008
NO,0.010847132243864577
BKM,0.009163907410418837
CO,0.006873673690861004
OK,0.0016097716905016934
LO,0.0
