variables,score
AK,0.05288686133784415
NKM,0.03901019737275857
FBO,0.028713867011618488
ROIC,0.0283530071493463
FM,0.02664783081857891
KO,0.02106840814932398
NO,0.013315277395367753
SDH,0.012130477416609331
BKM,0.006952066274526825
OK,0.0011273318791338305
CO,0.0
LO,0.0
ADH,0.0
