variables,score
AK,0.06001449694649241
NKM,0.03525961134369204
ROIC,0.03168918690957678
FBO,0.03136317103500663
NO,0.02785987192413919
FM,0.022731406174306246
KO,0.01929203168940319
SDH,0.01310705299761561
BKM,0.0062915277975328365
OK,0.0028169915686075964
CO,0.0
LO,0.0
ADH,0.0
