variables,score
AK,0.05840375419650945
FBO,0.04414276720067889
NKM,0.03783722594662309
ROIC,0.025808803814003634
FM,0.024954130707157463
NO,0.022676811003923047
KO,0.019630125381927543
SDH,0.014250775660325399
BKM,0.005864563762973729
CO,0.004316391514631146
LO,0.0
ADH,0.0
OK,0.0
