variables,score
AK,0.05673268940184073
NKM,0.03991179226169561
ROIC,0.027997203787213598
FM,0.02231825568204182
KO,0.021731510869388737
FBO,0.02057612638720263
NO,0.01705321811767191
SDH,0.014886906992659377
BKM,0.007926548894579444
CO,4.16940145839817e-05
LO,0.0
ADH,0.0
OK,0.0
