variables,score
AK,0.053405147862273905
NKM,0.03536425939137766
ROIC,0.02975277943519461
NO,0.027928918284138904
FBO,0.02728730482556263
FM,0.026225052705927565
KO,0.022791333606426933
SDH,0.009518751940959858
BKM,0.006551892140175708
OK,0.0028301649110806792
CO,0.0
LO,0.0
ADH,0.0
