variables,score
AK,0.0542965276209284
NKM,0.03401626373958466
FBO,0.032473330214785934
ROIC,0.02769581740987781
FM,0.02522378018566762
NO,0.023931748049999202
KO,0.019362355177448443
SDH,0.01052949108461032
BKM,0.007625999701624808
CO,0.003830832306913612
OK,0.0009138498618543878
LO,0.0
ADH,0.0
