variables,score
AK,0.05172720875414116
NKM,0.03508882572986827
FBO,0.03047111702836247
ROIC,0.026640965089202773
FM,0.025352287988225974
NO,0.0224584312341658
KO,0.020790515624595995
SDH,0.013346487730721002
BKM,0.007474469328575539
CO,0.006288741221824434
OK,4.652684263284357e-05
LO,0.0
ADH,0.0
