variables,score
AK,0.05293187230988439
FBO,0.03968240103145182
NKM,0.037737524897554886
ROIC,0.027590332177810373
FM,0.026866754534338178
NO,0.02305728847300803
KO,0.017555635174525852
SDH,0.014506696485866444
BKM,0.006350130704237067
OK,0.00046846777090259195
CO,0.0
LO,0.0
ADH,0.0
