variables,test,train
3,0.6631578947368421,0.5989445910290238
4,0.6842105263157895,0.6754617414248021
5,0.6736842105263158,0.6886543535620053
6,0.6736842105263158,0.7176781002638523
7,0.7052631578947368,0.7730870712401056
8,0.7052631578947368,0.783641160949868
9,0.7368421052631579,0.8073878627968337
10,0.7263157894736842,0.8258575197889182
11,0.7789473684210526,0.8390501319261213
12,0.7684210526315789,0.8522427440633246
13,0.7368421052631579,0.8654353562005277
