variables;score
AK;0.05611462572067194
NKM;0.03318661401752987
ROIC;0.029430463448321564
NO;0.029346577009131902
FBO;0.02548195075505233
FM;0.02438183907473923
KO;0.022652284891428565
SDH;0.008263522758515274
BKM;0.00600772229220814
OK;0.0029708118871709654
CO;0.0
LO;0.0
ADH;0.0
