variables,score
AK,0.05510113791920945
NKM,0.034113505925434495
FBO,0.03282991807137403
FM,0.029562488242730334
ROIC,0.028132827657014747
KO,0.020067188318990015
SDH,0.013789358268528229
NO,0.009382665510410337
ADH,0.0077861193423527375
BKM,0.006289016244388268
OK,0.0016991288116903203
CO,0.0
LO,0.0
