variables,score
NO,0.05811689014653365
AK,0.057020947205921324
NKM,0.03525626260616588
FBO,0.028569562861651798
FM,0.02795585530698319
ROIC,0.025786199835703627
KO,0.020545928987604434
SDH,0.006559562747593395
BKM,0.00618018227479511
OK,0.0013401983196623668
CO,0.0010816974186975692
LO,0.0
ADH,0.0
