variables,score
AK,0.05223888062657278
FBO,0.038291785083873764
NKM,0.03682933205898209
FM,0.028627695773127515
ROIC,0.02713071795237343
KO,0.019454316661814852
SDH,0.012806085212470508
NO,0.010564564951803579
ADH,0.009946413028149026
BKM,0.00795752471669453
CO,0.004384276569698864
OK,0.0013734640872911097
LO,0.0
