variables,test,train
3,0.6736842105263158,0.6306068601583114
4,0.6736842105263158,0.6253298153034301
5,0.6736842105263158,0.6886543535620053
6,0.6631578947368421,0.7071240105540897
7,0.7052631578947368,0.7730870712401056
8,0.7157894736842105,0.783641160949868
9,0.7368421052631579,0.8073878627968337
10,0.6947368421052632,0.8179419525065963
11,0.8,0.8548812664907651
12,0.7684210526315789,0.8522427440633246
