variables,test,train
3,0.6631578947368421,0.5989445910290238
4,0.6526315789473685,0.6569920844327177
5,0.6736842105263158,0.6886543535620053
6,0.6631578947368421,0.7071240105540897
7,0.7052631578947368,0.7730870712401056
8,0.7473684210526316,0.8073878627968337
9,0.7684210526315789,0.8258575197889182
10,0.8,0.8364116094986808
11,0.7789473684210526,0.8390501319261213
12,0.7684210526315789,0.8522427440633246
