variables,test,train
3,0.5684210526315789,0.7387862796833773
4,0.6631578947368421,0.7915567282321899
5,0.6947368421052632,0.7862796833773087
6,0.7473684210526316,0.862796833773087
7,0.7263157894736842,0.8390501319261213
8,0.8,0.8575197889182058
9,0.8,0.8759894459102903
10,0.7789473684210526,0.9023746701846965
11,0.8105263157894737,0.9155672823218998
12,0.7684210526315789,0.9155672823218998
