variables,test,train
3,0.6842105263157895,0.6701846965699209
4,0.7052631578947368,0.6912928759894459
5,0.7157894736842105,0.6781002638522428
6,0.7157894736842105,0.7018469656992085
7,0.7684210526315789,0.762532981530343
8,0.7368421052631579,0.7915567282321899
9,0.7368421052631579,0.7968337730870713
10,0.7052631578947368,0.820580474934037
11,0.7263157894736842,0.8548812664907651
12,0.7684210526315789,0.8522427440633246
