variables,test,train
3,0.631578947368421,0.5936675461741425
4,0.5263157894736842,0.5303430079155673
5,0.47368421052631576,0.47229551451187335
6,0.5263157894736842,0.47757255936675463
7,0.4842105263157895,0.47757255936675463
8,0.4842105263157895,0.47229551451187335
9,0.49473684210526314,0.46701846965699206
10,0.47368421052631576,0.47229551451187335
11,0.47368421052631576,0.47229551451187335
12,0.47368421052631576,0.48812664907651715
